city,country
City Name,Country Name
City Name,Country Name
City Name,Country Name
City Name,Country Name
City Name,Country Name
City Name,Country Name
City Name,Country Name
City Name,Country Name
City Name,Country Name
City Name,Country Name
City Name,Country Name
City Name,Country Name
City Name,Country Name
City Name,Country Name
City Name,Country Name
City Name,Country Name
City Name,Country Name
City Name,Country Name
City Name,Country Name
City Name,Country Name
City Name,Country Name
City Name,Country Name
City Name,Country Name
City Name,Country Name
